productURL,userName,userCountry,userStar,reviewContent,reviewTime,language,label,sentiment,confidence,categoryLabel
https://www.aliexpress.com/item/1005006461510213.html?spm=a2g0o.productlist.main.5.69a766bfTV5HDi&algo_pvid=bfaa59b8-ce29-490e-9f21-f8b2c866d5d7&algo_exp_id=bfaa59b8-ce29-490e-9f21-f8b2c866d5d7-2&pdp_ext_f=%7B%22order%22%3A%224765%22%2C%22eval%22%3A%221%22%7D&pdp_npi=4%40dis%21BDT%211978.78%211207.07%21%21%21117.72%2171.81%21%402101062a17404578228845116e495c%2112000038354048226%21sea%21BD%210%21ABX&curPageLogUid=o8s2EcfGlPfR&utparam-url=scene%3Asearch%7Cquery_from%3A,AliExpress Shopper,RU,4.333333333333333,I do not understand the enthusiastic reviews on the basis of which I ordered this bag. Looks very cheap. As the skin of a young dermatine is said.,09 Nov 2024 00:06,en,1,negative,0.8878,health
https://www.aliexpress.com/item/1005007174024115.html?spm=a2g0o.productlist.main.1.49187hDT7hDTra&algo_pvid=946755b0-b57c-4a11-be1d-19c296648103&algo_exp_id=946755b0-b57c-4a11-be1d-19c296648103-0&pdp_ext_f=%7B%22order%22%3A%228252%22%2C%22eval%22%3A%221%22%7D&pdp_npi=4%40dis%21BDT%213708.80%211891.49%21%21%21220.00%21112.20%21%402141122217404170894933992ee963%2112000039703995407%21sea%21BD%210%21ABX&curPageLogUid=sbMp6RI9FA1z&utparam-url=scene%3Asearch%7Cquery_from%3A,AliExpress Shopper,CA,5.0,"We like the sofa cover, so soft and beautiful",28 Dec 2024 07:24,en,1,positive,0.9829,home
https://www.aliexpress.com/item/1005007445128236.html?spm=a2g0o.productlist.main.1.759b77f1lI9D3v&algo_pvid=dd395be7-de16-4051-bc3b-d36707505a12&algo_exp_id=dd395be7-de16-4051-bc3b-d36707505a12-0&pdp_ext_f=%7B%22order%22%3A%224323%22%2C%22eval%22%3A%221%22%7D&pdp_npi=4%40dis%21BDT%213106.96%211553.48%21%21%2125.60%2112.80%21%40210123bc17404584084918103eee7f%2112000040779747394%21sea%21BD%210%21ABX&curPageLogUid=NkjW4DyVHZ0R&utparam-url=scene%3Asearch%7Cquery_from%3A,J***Z,ES,3.5,At first it seem correct but after 48 hours it works badly it disconnects and connects alone. I'm going to return it.,28 Oct 2024 04:24,en,1,negative,0.8955,automotive
https://www.aliexpress.com/item/1005004696774991.html?spm=a2g0o.productlist.main.27.8b9bI8jdI8jdCq&algo_pvid=330e3de3-f3e6-4e72-9ff9-effe5515db69&algo_exp_id=330e3de3-f3e6-4e72-9ff9-effe5515db69-13&pdp_ext_f=%7B%22order%22%3A%225376%22%2C%22eval%22%3A%221%22%7D&pdp_npi=4%40dis%21BDT%212079.00%211309.54%21%21%2117.13%2110.79%21%40%2112000035214348309%21sea%21BD%210%21ABX&curPageLogUid=74oUToikZMZg&utparam-url=scene%3Asearch%7Cquery_from%3A,D***n,IL,4.333333333333333,"Sat down perfectly on the machine. Hard and durable. More expensive than others, but quality costs money. Buy again for another phone",09 Oct 2024 00:51,en,1,positive,0.8461,health
https://www.aliexpress.com/item/1005004583790156.html?spm=a2g0o.productlist.main.65.117a6f02PFPu3f&algo_pvid=7583c9ef-5c47-4861-b63f-0171c9538456&algo_exp_id=7583c9ef-5c47-4861-b63f-0171c9538456-32&pdp_ext_f=%7B%22order%22%3A%225013%22%2C%22eval%22%3A%221%22%7D&pdp_npi=4%40dis%21BDT%211085.80%21455.65%21%21%218.96%213.76%21%4021015b2417412391480291891ec674%2112000029717611620%21sea%21BD%210%21ABX&curPageLogUid=mwBbCYnHJcsZ&utparam-url=scene%3Asearch%7Cquery_from%3A,AliExpress Shopper,CA,5.0,"It works quite well, reading the manual and paying attention to what you are doing is necessary.  I'm not sure if it says it in the manual, but to open the certain sections like sleep, steps, measure heart rate, you have to hold down. It took me awhile to figure out, but for such a good price it works exceptionally",21 Dec 2024 15:16,en,1,positive,0.7155,health
https://www.aliexpress.com/item/1005007441603612.html?spm=a2g0o.productlist.main.49.4bbb1611UQA8lu&algo_pvid=97c93f81-7324-45d8-ac55-5c01c670525a&algo_exp_id=97c93f81-7324-45d8-ac55-5c01c670525a-24&pdp_ext_f=%7B%22order%22%3A%222963%22%2C%22eval%22%3A%221%22%7D&pdp_npi=4%40dis%21BDT%21393.85%21180.57%21%21%213.25%211.49%21%402101062a17412384987491595ec517%2112000040769630192%21sea%21BD%210%21ABX&curPageLogUid=KLMRitwE44cX&utparam-url=scene%3Asearch%7Cquery_from%3A,H***r,HR,5.0,Brilliant little usb flash drive. works perfect.,20 Nov 2024 10:56,en,1,positive,0.9843,electronics
https://www.aliexpress.com/item/1005007369344549.html?spm=a2g0o.productlist.main.55.3ac6nNWtnNWtoT&algo_pvid=a730bb6b-589e-494c-9088-2cbc420ededa&algo_exp_id=a730bb6b-589e-494c-9088-2cbc420ededa-27&pdp_ext_f=%7B%22order%22%3A%222042%22%2C%22eval%22%3A%221%22%7D&pdp_npi=4%40dis%21BDT%2112134.15%213275.66%21%21%2199.98%2126.99%21%40%2112000044697930462%21sea%21BD%210%21ABX&curPageLogUid=LLdVTpGM5c5P&utparam-url=scene%3Asearch%7Cquery_from%3A,Y***o,UA,4.333333333333333,"I will say this, one must be similar, Tse AMOLED display, ale vidsutny calculator, calendar, as well as ZMI skina on olweis on. It is not like to be a good news vid sots merezh to play on the whole screen with a Duge of the dovgo, in the programs there are few informational screenings for the godinnik, the minus Sho nutzhkistvo nudzhstun for a comfortable koristuvannya battery trivage for good, in my country, the year-old is cheaper and even more like a menu and a set-up of parameters",01 Dec 2024 13:47,en,1,neutral,0.719,home
https://www.aliexpress.com/item/1005006756225772.html?spm=a2g0o.productlist.main.21.2b0231c3dlNl5F&algo_pvid=f2f6602b-2f40-4259-b487-18c18c495eaa&algo_exp_id=f2f6602b-2f40-4259-b487-18c18c495eaa-10&pdp_ext_f=%7B%22order%22%3A%22884%22%2C%22eval%22%3A%221%22%7D&pdp_npi=4%40dis%21BDT%211699.12%211036.46%21%21%2114.00%218.54%21%40%2112000045556541052%21sea%21BD%210%21ABX&curPageLogUid=lum4pQRKykC4&utparam-url=scene%3Asearch%7Cquery_from%3A,A***s,LT,4.75,good but sad not working with musict,30 Sep 2024 07:29,en,1,negative,0.8358,health
https://www.aliexpress.com/item/1005007123373313.html?spm=a2g0o.productlist.main.103.4bbb1611UQA8lu&algo_pvid=0312d218-e564-4d6a-875b-ed9162f5814c&algo_exp_id=0312d218-e564-4d6a-875b-ed9162f5814c-51&pdp_ext_f=%7B%22order%22%3A%222843%22%2C%22eval%22%3A%221%22%7D&pdp_npi=4%40dis%21BDT%21140.57%2170.28%21%21%211.16%210.58%21%40210141f717412384359201548eaffc%2112000039478703089%21sea%21BD%210%21ABX&curPageLogUid=PrzB0r67z6bW&utparam-url=scene%3Asearch%7Cquery_from%3A,AliExpress Shopper,CZ,1.0,"The size is not as described. 2 TB ordered, 32 GB delivered.",02 Oct 2024 12:37,en,1,neutral,0.6085,electronics
https://www.aliexpress.com/item/1005004583790156.html?spm=a2g0o.productlist.main.65.117a6f02PFPu3f&algo_pvid=7583c9ef-5c47-4861-b63f-0171c9538456&algo_exp_id=7583c9ef-5c47-4861-b63f-0171c9538456-32&pdp_ext_f=%7B%22order%22%3A%225013%22%2C%22eval%22%3A%221%22%7D&pdp_npi=4%40dis%21BDT%211085.80%21455.65%21%21%218.96%213.76%21%4021015b2417412391480291891ec674%2112000029717611620%21sea%21BD%210%21ABX&curPageLogUid=mwBbCYnHJcsZ&utparam-url=scene%3Asearch%7Cquery_from%3A,E***a,ES,5.0,"Very simple, it comes separated into two pieces. Turns on but doesn't work",25 Dec 2024 02:24,en,1,neutral,0.4957,automotive
https://www.aliexpress.com/item/1005006195931488.html?spm=a2g0o.productlist.main.89.8b9bI8jdI8jdCq&algo_pvid=ca566fad-d02c-4347-a9dc-ba34f7adbb0c&algo_exp_id=ca566fad-d02c-4347-a9dc-ba34f7adbb0c-44&pdp_ext_f=%7B%22order%22%3A%221368%22%2C%22eval%22%3A%221%22%7D&pdp_npi=4%40dis%21BDT%21726.98%21508.52%21%21%215.99%214.19%21%40%2112000036221245998%21sea%21BD%210%21ABX&curPageLogUid=rB6qus4R4NJl&utparam-url=scene%3Asearch%7Cquery_from%3A,A***k,UA,5.0,"A box of non-filth egg, an interest in the dot-th material. Whiglyadak miznym. In the city, the rubber is not very much on the top that on the phones of the Whiglyadak ""chopped"" (3 photos, Not only in the photo). Ale is not critical. So wear it on the uvasi, if you put a picture in the apartment on the chokhli, then there you will rub it on the phone, there is a dumb gasket. How to fly through the team to drink and clog up",03 Dec 2024 13:45,en,1,neutral,0.7362,home
https://www.aliexpress.com/item/32549161202.html?spm=a2g0o.productlist.main.3.135cM0bvM0bvW2&aem_p4p_detail=20250225081014711342804637140001366481&algo_pvid=77d585b2-f9ee-47e4-b971-b967e43fdfbc&algo_exp_id=77d585b2-f9ee-47e4-b971-b967e43fdfbc-1&pdp_ext_f=%7B%22order%22%3A%222194%22%2C%22eval%22%3A%221%22%7D&pdp_npi=4%40dis%21BDT%215540.35%212049.87%21%21%2145.65%2116.89%21%40%2112000026753986886%21sea%21BD%210%21ABX&curPageLogUid=nTXP0eZWdgkr&utparam-url=scene%3Asearch%7Cquery_from%3A&search_p4p_id=20250225081014711342804637140001366481_2,응***김,KR,5.0,I'll use it well ~ ^,04 Oct 2024 10:14,en,1,positive,0.9284,automotive
https://www.aliexpress.com/item/1005007628910870.html?spm=a2g0o.productlist.main.95.8b9bI8jdI8jdCq&algo_pvid=ca566fad-d02c-4347-a9dc-ba34f7adbb0c&algo_exp_id=ca566fad-d02c-4347-a9dc-ba34f7adbb0c-47&pdp_ext_f=%7B%22order%22%3A%2213069%22%2C%22eval%22%3A%221%22%7D&pdp_npi=4%40dis%21BDT%212060.79%211030.39%21%21%2116.98%218.49%21%40%2112000041566887451%21sea%21BD%210%21ABX&curPageLogUid=lbdWLo73NOga&utparam-url=scene%3Asearch%7Cquery_from%3A,M***e,FR,5.0,A pity that the case slips from the hands,07 Jan 2025 22:24,en,1,negative,0.8545,electronics
https://www.aliexpress.com/item/1005007806220676.html?spm=a2g0o.productlist.main.1.3ac839abumUhSF&algo_pvid=1ccf3a7d-e5ab-4e8a-8818-a01f8ed5dcf8&algo_exp_id=1ccf3a7d-e5ab-4e8a-8818-a01f8ed5dcf8-0&pdp_ext_f=%7B%22order%22%3A%224462%22%2C%22eval%22%3A%221%22%7D&pdp_npi=4%40dis%21BDT%21141.20%21139.86%21%21%218.40%218.32%21%40%2112000042264485133%21sea%21BD%210%21ABX&curPageLogUid=jxjHJd4qNmTG&utparam-url=scene%3Asearch%7Cquery_from%3A,AliExpress Shopper,UA,5.0,"Came to Ukraine within a reasonable time. Everything as described by the seller, very satisfied with everything. I recommend the seller.",03 Dec 2024 21:05,en,1,positive,0.9737,automotive
https://www.aliexpress.com/item/1005006979228312.html?spm=a2g0o.productlist.main.29.3ac6nNWtnNWtoT&algo_pvid=99e05392-f0a9-4151-b36a-c7a943eb1532&algo_exp_id=99e05392-f0a9-4151-b36a-c7a943eb1532-14&pdp_ext_f=%7B%22order%22%3A%221040%22%2C%22eval%22%3A%221%22%7D&pdp_npi=4%40dis%21BDT%2112134.15%213639.76%21%21%2199.98%2129.99%21%40%2112000041141049335%21sea%21BD%210%21ABX&curPageLogUid=RJo8wKm1rVxd&utparam-url=scene%3Asearch%7Cquery_from%3A,A***n,UA,5.0,"Having married 18.10.24. 12/23/24 turned the cats, it didn't come. The bully was stolen. Cover",23 Dec 2024 00:49,en,1,negative,0.8131,home
https://www.aliexpress.com/item/1005005981132478.html?spm=a2g0o.productlist.main.59.2e3359aeOXHXk4&algo_pvid=9f316319-66d0-4e07-b675-f2c1fd4d4d92&algo_exp_id=9f316319-66d0-4e07-b675-f2c1fd4d4d92-29&pdp_ext_f=%7B%22order%22%3A%225188%22%2C%22eval%22%3A%221%22%7D&pdp_npi=4%40dis%21BDT%21453.34%21294.66%21%21%2126.97%2117.53%21%40%2112000035160207992%21sea%21BD%210%21ABX&curPageLogUid=awmsakII8GY9&utparam-url=scene%3Asearch%7Cquery_from%3A,H***s,NL,5.0,Not yet in use,25 Jan 2025 06:45,en,1,neutral,0.616,automotive
https://www.aliexpress.com/item/1005001281052332.html?spm=a2g0o.productlist.main.33.49187hDT7hDTra&algo_pvid=946755b0-b57c-4a11-be1d-19c296648103&algo_exp_id=946755b0-b57c-4a11-be1d-19c296648103-16&pdp_ext_f=%7B%22order%22%3A%221826%22%2C%22eval%22%3A%221%22%7D&pdp_npi=4%40dis%21BDT%21685.51%21311.15%21%21%215.64%212.56%21%402141122217404170894933992ee963%2112000029321744038%21sea%21BD%210%21ABX&curPageLogUid=uz9rNNb73Plj&utparam-url=scene%3Asearch%7Cquery_from%3A,V***v,UA,5.0,Does not match the size!,31 Jan 2025 01:27,en,1,negative,0.6721,electronics
https://www.aliexpress.com/item/1005003227386920.html?spm=a2g0o.productlist.main.31.48c15073PurjWV&algo_pvid=63222404-79da-42d3-ad33-4f870f692ff0&algo_exp_id=63222404-79da-42d3-ad33-4f870f692ff0-15&pdp_ext_f=%7B%22order%22%3A%225289%22%2C%22eval%22%3A%221%22%7D&pdp_npi=4%40dis%21BDT%211905.44%211333.81%21%21%2115.70%2110.99%21%40%2112000042934966591%21sea%21BD%210%21ABX&curPageLogUid=iWAZYkbVSMyq&utparam-url=scene%3Asearch%7Cquery_from%3A,K***k,UA,5.0,Your egg is imperfect,28 Nov 2024 14:43,en,1,negative,0.5706,electronics
https://www.aliexpress.com/item/1005007806220676.html?spm=a2g0o.productlist.main.1.3ac839abumUhSF&algo_pvid=1ccf3a7d-e5ab-4e8a-8818-a01f8ed5dcf8&algo_exp_id=1ccf3a7d-e5ab-4e8a-8818-a01f8ed5dcf8-0&pdp_ext_f=%7B%22order%22%3A%224462%22%2C%22eval%22%3A%221%22%7D&pdp_npi=4%40dis%21BDT%21141.20%21139.86%21%21%218.40%218.32%21%40%2112000042264485133%21sea%21BD%210%21ABX&curPageLogUid=jxjHJd4qNmTG&utparam-url=scene%3Asearch%7Cquery_from%3A,A***A,UA,5.0,"Took Sobi for trenuvan for yoga, those Cheba and yak in the inventory. I recommend you take the decylka of the city of tension, for trenuvati of the region",09 Jan 2025 09:53,en,1,neutral,0.8125,health
https://www.aliexpress.com/item/1005007614008734.html?spm=a2g0o.productlist.main.75.8b9bI8jdI8jdCq&algo_pvid=ca566fad-d02c-4347-a9dc-ba34f7adbb0c&algo_exp_id=ca566fad-d02c-4347-a9dc-ba34f7adbb0c-37&pdp_ext_f=%7B%22order%22%3A%2211087%22%2C%22eval%22%3A%221%22%7D&pdp_npi=4%40dis%21BDT%211091.08%21544.93%21%21%218.99%214.49%21%40%2112000041509687091%21sea%21BD%210%21ABX&curPageLogUid=JfqwYgD3k4w7&utparam-url=scene%3Asearch%7Cquery_from%3A,AliExpress Shopper,DE,4.333333333333333,"Good Quality, almost accurate, Fast delivery",02 Dec 2024 09:39,en,1,positive,0.9336,automotive
https://www.aliexpress.com/item/1005006581957584.html?spm=a2g0o.productlist.main.43.49187hDT7hDTra&algo_pvid=946755b0-b57c-4a11-be1d-19c296648103&algo_exp_id=946755b0-b57c-4a11-be1d-19c296648103-21&pdp_ext_f=%7B%22order%22%3A%221594%22%2C%22eval%22%3A%221%22%7D&pdp_npi=4%40dis%21BDT%212714.17%212714.17%21%21%21161.00%21161.00%21%402141122217404170894933992ee963%2112000037725136976%21sea%21BD%210%21ABX&curPageLogUid=BKYTTs939gX3&utparam-url=scene%3Asearch%7Cquery_from%3A,AliExpress Shopper,UA,4.75,"A good chokhol, for my sofa there were trunchets of meaty, ale we call my viglyad, I recommend",29 Sep 2024 14:42,en,1,positive,0.9106,home
https://www.aliexpress.com/item/1005007379078015.html?spm=a2g0o.productlist.main.3.49187hDT7hDTra&algo_pvid=946755b0-b57c-4a11-be1d-19c296648103&algo_exp_id=946755b0-b57c-4a11-be1d-19c296648103-1&pdp_ext_f=%7B%22order%22%3A%223092%22%2C%22eval%22%3A%221%22%7D&pdp_npi=4%40dis%21BDT%211736.39%21868.19%21%21%21103.00%2151.50%21%402141122217404170894933992ee963%2112000040560274372%21sea%21BD%210%21ABX&curPageLogUid=KGJoZOwXc6Vu&utparam-url=scene%3Asearch%7Cquery_from%3A,AliExpress Shopper,ES,4.75,"I had a mess with the sofa cover, but now I know I won't buy them again.",24 Feb 2025 04:56,en,1,negative,0.8106,home
https://www.aliexpress.com/item/1005007614008734.html?spm=a2g0o.productlist.main.75.8b9bI8jdI8jdCq&algo_pvid=ca566fad-d02c-4347-a9dc-ba34f7adbb0c&algo_exp_id=ca566fad-d02c-4347-a9dc-ba34f7adbb0c-37&pdp_ext_f=%7B%22order%22%3A%2211087%22%2C%22eval%22%3A%221%22%7D&pdp_npi=4%40dis%21BDT%211091.08%21544.93%21%21%218.99%214.49%21%40%2112000041509687091%21sea%21BD%210%21ABX&curPageLogUid=JfqwYgD3k4w7&utparam-url=scene%3Asearch%7Cquery_from%3A,N***t,MX,5.0,I ordered it for an iPhone 16 pro and physically it came to me for a 15 pro,29 Dec 2024 21:42,en,1,neutral,0.8129,fashion
https://www.aliexpress.com/item/1005008068331179.html?spm=a2g0o.productlist.main.41.48c15073v6hR7d&algo_pvid=bb42ebf9-6809-4fb2-85cf-dc2a36796d42&algo_exp_id=bb42ebf9-6809-4fb2-85cf-dc2a36796d42-20&pdp_ext_f=%7B%22order%22%3A%228031%22%2C%22eval%22%3A%221%22%7D&pdp_npi=4%40dis%21BDT%21188.26%21150.61%21%21%2111.20%218.96%21%40%2112000043524431050%21sea%21BD%210%21ABX&curPageLogUid=txYJjK9Pm7sE&utparam-url=scene%3Asearch%7Cquery_from%3A,А***а,RU,5.0,"Very cool, arrived quickly, in 8 days to RND.",01 Mar 2025 00:09,en,1,positive,0.9883,electronics
https://www.aliexpress.com/item/1005007457156672.html?spm=a2g0o.productlist.main.17.4bbb1611UQA8lu&algo_pvid=0312d218-e564-4d6a-875b-ed9162f5814c&algo_exp_id=0312d218-e564-4d6a-875b-ed9162f5814c-8&pdp_ext_f=%7B%22order%22%3A%222923%22%2C%22eval%22%3A%221%22%7D&pdp_npi=4%40dis%21BDT%21372.74%21130.53%21%21%2122.16%217.76%21%40210141f717412384359201548eaffc%2112000040833842562%21sea%21BD%210%21ABX&curPageLogUid=ZbecxUXh1OpT&utparam-url=scene%3Asearch%7Cquery_from%3A,D***n,MX,5.0,"Unfortunately I did not receive the product, I appreciate for a long time in travel for delivery, but if I can say that the refund was very quick and without inconvenience. I attributed the delivery problem more to the parcel than the supplier. But that's my thinking. Hopefully these issues could be solved in the future.",20 Jan 2025 19:26,en,1,negative,0.5594,automotive
https://www.aliexpress.com/item/1005004583790156.html?spm=a2g0o.productlist.main.65.117a6f02PFPu3f&algo_pvid=7583c9ef-5c47-4861-b63f-0171c9538456&algo_exp_id=7583c9ef-5c47-4861-b63f-0171c9538456-32&pdp_ext_f=%7B%22order%22%3A%225013%22%2C%22eval%22%3A%221%22%7D&pdp_npi=4%40dis%21BDT%211085.80%21455.65%21%21%218.96%213.76%21%4021015b2417412391480291891ec674%2112000029717611620%21sea%21BD%210%21ABX&curPageLogUid=mwBbCYnHJcsZ&utparam-url=scene%3Asearch%7Cquery_from%3A,П***ч,RU,5.0,"At least time set the local belt using the program on the smartphone. With the rest of the possibilities, if I figure it out well, not everyone means not necessary, also good.",25 Oct 2024 01:07,en,1,neutral,0.5122,health
https://www.aliexpress.com/item/1005007379078015.html?spm=a2g0o.productlist.main.3.49187hDT7hDTra&algo_pvid=946755b0-b57c-4a11-be1d-19c296648103&algo_exp_id=946755b0-b57c-4a11-be1d-19c296648103-1&pdp_ext_f=%7B%22order%22%3A%223092%22%2C%22eval%22%3A%221%22%7D&pdp_npi=4%40dis%21BDT%211736.39%21868.19%21%21%21103.00%2151.50%21%402141122217404170894933992ee963%2112000040560274372%21sea%21BD%210%21ABX&curPageLogUid=KGJoZOwXc6Vu&utparam-url=scene%3Asearch%7Cquery_from%3A,A***o,ES,5.0,Excellent quality. If you have pets it is perfect since the hair does not catch. Shipping to Spain very fast in 5 days. I had a problem with the color of the order and the seller solved it very quickly. The measures correspond. I recommend it 100%,29 Sep 2024 03:17,en,1,positive,0.9284,electronics
https://www.aliexpress.com/item/1005004583790156.html?spm=a2g0o.productlist.main.65.117a6f02PFPu3f&algo_pvid=7583c9ef-5c47-4861-b63f-0171c9538456&algo_exp_id=7583c9ef-5c47-4861-b63f-0171c9538456-32&pdp_ext_f=%7B%22order%22%3A%225013%22%2C%22eval%22%3A%221%22%7D&pdp_npi=4%40dis%21BDT%211085.80%21455.65%21%21%218.96%213.76%21%4021015b2417412391480291891ec674%2112000029717611620%21sea%21BD%210%21ABX&curPageLogUid=mwBbCYnHJcsZ&utparam-url=scene%3Asearch%7Cquery_from%3A,L***a,PL,1.0,Difficult communication with the phone turn off or disconnect after 2 weeks cracked,09 Jan 2025 05:49,en,1,negative,0.769,fashion
https://www.aliexpress.com/item/1005001281052332.html?spm=a2g0o.productlist.main.33.49187hDT7hDTra&algo_pvid=946755b0-b57c-4a11-be1d-19c296648103&algo_exp_id=946755b0-b57c-4a11-be1d-19c296648103-16&pdp_ext_f=%7B%22order%22%3A%221826%22%2C%22eval%22%3A%221%22%7D&pdp_npi=4%40dis%21BDT%21685.51%21311.15%21%21%215.64%212.56%21%402141122217404170894933992ee963%2112000029321744038%21sea%21BD%210%21ABX&curPageLogUid=uz9rNNb73Plj&utparam-url=scene%3Asearch%7Cquery_from%3A,T***e,US,5.0,"corresponds to the description 
 quality ++",14 Feb 2025 00:16,en,1,neutral,0.6318,electronics
https://www.aliexpress.com/item/1005005352839598.html?spm=a2g0o.productlist.main.99.48c15073v6hR7d&algo_pvid=bb42ebf9-6809-4fb2-85cf-dc2a36796d42&algo_exp_id=bb42ebf9-6809-4fb2-85cf-dc2a36796d42-49&pdp_ext_f=%7B%22order%22%3A%223632%22%2C%22eval%22%3A%221%22%7D&pdp_npi=4%40dis%21BDT%21106.91%2172.62%21%21%216.36%214.32%21%4021015b2417404571495114900e40da%2112000032716834509%21sea%21BD%210%21ABX&curPageLogUid=3swLpmjBmS2Z&utparam-url=scene%3Asearch%7Cquery_from%3A,R***o,GH,4.75,Shipping was extremely slow,16 Sep 2024 01:06,en,1,negative,0.9101,electronics
https://www.aliexpress.com/item/1005006756225772.html?spm=a2g0o.productlist.main.21.2b0231c3dlNl5F&algo_pvid=f2f6602b-2f40-4259-b487-18c18c495eaa&algo_exp_id=f2f6602b-2f40-4259-b487-18c18c495eaa-10&pdp_ext_f=%7B%22order%22%3A%22884%22%2C%22eval%22%3A%221%22%7D&pdp_npi=4%40dis%21BDT%211699.12%211036.46%21%21%2114.00%218.54%21%40%2112000045556541052%21sea%21BD%210%21ABX&curPageLogUid=lum4pQRKykC4&utparam-url=scene%3Asearch%7Cquery_from%3A,A***o,UA,4.75,"Rusks-indulgence kincheni.
Shob stunk
---------------------------------------------
Goods for 2 tizha.
Picking up on meestexpress.
Everything was going.
All yakisno.",22 Dec 2024 11:03,en,1,neutral,0.7215,electronics
https://www.aliexpress.com/item/1005005981132478.html?spm=a2g0o.productlist.main.59.2e3359aeOXHXk4&algo_pvid=9f316319-66d0-4e07-b675-f2c1fd4d4d92&algo_exp_id=9f316319-66d0-4e07-b675-f2c1fd4d4d92-29&pdp_ext_f=%7B%22order%22%3A%225188%22%2C%22eval%22%3A%221%22%7D&pdp_npi=4%40dis%21BDT%21453.34%21294.66%21%21%2126.97%2117.53%21%40%2112000035160207992%21sea%21BD%210%21ABX&curPageLogUid=awmsakII8GY9&utparam-url=scene%3Asearch%7Cquery_from%3A,A***o,US,5.0,"Haven’t tried it yet but. It’s made well, fits perfectly",31 Jan 2025 10:36,en,1,positive,0.8398,health
https://www.aliexpress.com/item/1005006519144465.html?spm=a2g0o.productlist.main.17.77bb4a6s4a6sSQ&algo_pvid=93bae6bc-9168-4ce5-9b10-474945e0b4d4&algo_exp_id=93bae6bc-9168-4ce5-9b10-474945e0b4d4-8&pdp_ext_f=%7B%22order%22%3A%223131%22%2C%22eval%22%3A%221%22%7D&pdp_npi=4%40dis%21BDT%21140.78%2184.95%21%21%211.16%210.70%21%40%2112000037511304699%21sea%21BD%210%21ABX&curPageLogUid=wKE78b1v0NPR&utparam-url=scene%3Asearch%7Cquery_from%3A,A***r,UA,3.5,"Terrible. Put on makeup, and an hour later the allergy began. Swollen eyes. Very upset about this product.",16 Oct 2024 02:36,en,1,negative,0.9548,health
https://www.aliexpress.com/item/1005004282025592.html?spm=a2g0o.productlist.main.25.4bbb1611UQA8lu&algo_pvid=889be7d7-c9b5-4ec8-86ee-3d45d6930b40&algo_exp_id=889be7d7-c9b5-4ec8-86ee-3d45d6930b40-12&pdp_ext_f=%7B%22order%22%3A%221001%22%2C%22eval%22%3A%221%22%7D&pdp_npi=4%40dis%21BDT%21821.62%21369.61%21%21%216.78%213.05%21%402101246417412385385455052e78d2%2112000028617135693%21sea%21BD%210%21ABX&curPageLogUid=OsDCdJroNHH9&utparam-url=scene%3Asearch%7Cquery_from%3A,Ш***ч,RU,4.75,"Cheap and angry, matches its declared size (64 GB), both USB 3.0.",07 Dec 2024 00:03,en,1,neutral,0.5695,fashion
https://www.aliexpress.com/item/1005006685087877.html?spm=a2g0o.productlist.main.37.48c15073v6hR7d&algo_pvid=bb42ebf9-6809-4fb2-85cf-dc2a36796d42&algo_exp_id=bb42ebf9-6809-4fb2-85cf-dc2a36796d42-18&pdp_ext_f=%7B%22order%22%3A%222036%22%2C%22eval%22%3A%221%22%7D&pdp_npi=4%40dis%21BDT%21537.89%21376.52%21%21%2132.00%2122.40%21%40%2112000038009209044%21sea%21BD%210%21ABX&curPageLogUid=zVRmjTTP5grh&utparam-url=scene%3Asearch%7Cquery_from%3A,М***ч,RU,5.0,"The cases were sent crumpled, because they are poorly packed, in an ordinary thin bag. Why, when you send glasses, you pack them in bubble film and in a cardboard box, but there are no cases? The road is long, the covers in such packages are very often deformed and crumpled, and they are not restored. Some sellers listen and pack in cartons, and you have a stake.",25 Nov 2024 06:46,en,1,negative,0.7723,fashion
https://www.aliexpress.com/item/1005007614008734.html?spm=a2g0o.productlist.main.75.8b9bI8jdI8jdCq&algo_pvid=ca566fad-d02c-4347-a9dc-ba34f7adbb0c&algo_exp_id=ca566fad-d02c-4347-a9dc-ba34f7adbb0c-37&pdp_ext_f=%7B%22order%22%3A%2211087%22%2C%22eval%22%3A%221%22%7D&pdp_npi=4%40dis%21BDT%211091.08%21544.93%21%21%218.99%214.49%21%40%2112000041509687091%21sea%21BD%210%21ABX&curPageLogUid=JfqwYgD3k4w7&utparam-url=scene%3Asearch%7Cquery_from%3A,M***e,PE,5.0,In the description says very clear pro Max models and what they sent was only pro,03 Dec 2024 16:23,en,1,neutral,0.8136,automotive
https://www.aliexpress.com/item/1005004583790156.html?spm=a2g0o.productlist.main.65.117a6f02PFPu3f&algo_pvid=7583c9ef-5c47-4861-b63f-0171c9538456&algo_exp_id=7583c9ef-5c47-4861-b63f-0171c9538456-32&pdp_ext_f=%7B%22order%22%3A%225013%22%2C%22eval%22%3A%221%22%7D&pdp_npi=4%40dis%21BDT%211085.80%21455.65%21%21%218.96%213.76%21%4021015b2417412391480291891ec674%2112000029717611620%21sea%21BD%210%21ABX&curPageLogUid=mwBbCYnHJcsZ&utparam-url=scene%3Asearch%7Cquery_from%3A,A***i,FR,5.0,It doesn't match what I bought,24 Feb 2025 07:49,en,1,negative,0.7329,automotive
https://www.aliexpress.com/item/1005004583790156.html?spm=a2g0o.productlist.main.65.117a6f02PFPu3f&algo_pvid=7583c9ef-5c47-4861-b63f-0171c9538456&algo_exp_id=7583c9ef-5c47-4861-b63f-0171c9538456-32&pdp_ext_f=%7B%22order%22%3A%225013%22%2C%22eval%22%3A%221%22%7D&pdp_npi=4%40dis%21BDT%211085.80%21455.65%21%21%218.96%213.76%21%4021015b2417412391480291891ec674%2112000029717611620%21sea%21BD%210%21ABX&curPageLogUid=mwBbCYnHJcsZ&utparam-url=scene%3Asearch%7Cquery_from%3A,T***r,FR,5.0,Not easy to use and deliver without instructions,22 Dec 2024 09:16,en,1,negative,0.8456,automotive
https://www.aliexpress.com/item/1005007614008734.html?spm=a2g0o.productlist.main.75.8b9bI8jdI8jdCq&algo_pvid=ca566fad-d02c-4347-a9dc-ba34f7adbb0c&algo_exp_id=ca566fad-d02c-4347-a9dc-ba34f7adbb0c-37&pdp_ext_f=%7B%22order%22%3A%2211087%22%2C%22eval%22%3A%221%22%7D&pdp_npi=4%40dis%21BDT%211091.08%21544.93%21%21%218.99%214.49%21%40%2112000041509687091%21sea%21BD%210%21ABX&curPageLogUid=JfqwYgD3k4w7&utparam-url=scene%3Asearch%7Cquery_from%3A,A***z,MX,4.75,"It was very good, good quality for the price. Recommended!",28 Nov 2024 14:52,en,1,positive,0.9848,automotive
https://www.aliexpress.com/item/1005007806220676.html?spm=a2g0o.productlist.main.1.3ac839abumUhSF&algo_pvid=1ccf3a7d-e5ab-4e8a-8818-a01f8ed5dcf8&algo_exp_id=1ccf3a7d-e5ab-4e8a-8818-a01f8ed5dcf8-0&pdp_ext_f=%7B%22order%22%3A%224462%22%2C%22eval%22%3A%221%22%7D&pdp_npi=4%40dis%21BDT%21141.20%21139.86%21%21%218.40%218.32%21%40%2112000042264485133%21sea%21BD%210%21ABX&curPageLogUid=jxjHJd4qNmTG&utparam-url=scene%3Asearch%7Cquery_from%3A,S***k,UA,5.0,"The rubber band is good. To walk for sports. Coupon for 20 UAH. I don't know, which is useful, ale nehaye will. Torov priyshvidko",04 Jan 2025 01:32,en,1,neutral,0.5072,health
https://www.aliexpress.com/item/1005004696774991.html?spm=a2g0o.productlist.main.19.48c15073PurjWV&algo_pvid=63222404-79da-42d3-ad33-4f870f692ff0&algo_exp_id=63222404-79da-42d3-ad33-4f870f692ff0-9&pdp_ext_f=%7B%22order%22%3A%225376%22%2C%22eval%22%3A%221%22%7D&pdp_npi=4%40dis%21BDT%212079.00%211309.54%21%21%2117.13%2110.79%21%40%2112000035214348309%21sea%21BD%210%21ABX&curPageLogUid=kZKQGIgj4WPA&utparam-url=scene%3Asearch%7Cquery_from%3A,D***n,IL,4.333333333333333,"Sat down perfectly on the machine. Hard and durable. More expensive than others, but quality costs money. Buy again for another phone",09 Oct 2024 00:51,en,1,positive,0.8461,health
https://www.aliexpress.com/item/1005006344566079.html?spm=a2g0o.productlist.main.105.69a766bfTV5HDi&algo_pvid=bfaa59b8-ce29-490e-9f21-f8b2c866d5d7&algo_exp_id=bfaa59b8-ce29-490e-9f21-f8b2c866d5d7-52&pdp_ext_f=%7B%22order%22%3A%227131%22%2C%22eval%22%3A%221%22%7D&pdp_npi=4%40dis%21BDT%211046.20%21491.66%21%21%2162.24%2129.25%21%402101062a17404578228845116e495c%2112000036832923101%21sea%21BD%210%21ABX&curPageLogUid=0Yb1zO1YP7Wr&utparam-url=scene%3Asearch%7Cquery_from%3A,L***n,IL,5.0,Cute cozy easy,19 Nov 2024 03:35,en,1,positive,0.8403,automotive
https://www.aliexpress.com/item/1005005640577095.html?spm=a2g0o.productlist.main.1.2c2f568f8F9ayL&algo_pvid=7137f8ef-3f5e-49fe-b747-a39366af2e9c&algo_exp_id=7137f8ef-3f5e-49fe-b747-a39366af2e9c-0&pdp_ext_f=%7B%22order%22%3A%227545%22%2C%22eval%22%3A%221%22%7D&pdp_npi=4%40dis%21BDT%21287.43%21135.03%21%21%2117.05%218.01%21%40210156fc17404191327872611eb081%2112000033848748683%21sea%21BD%210%21ABX&curPageLogUid=EqHaTudez2F6&utparam-url=scene%3Asearch%7Cquery_from%3A,I***a,UA,5.0,"Good trimach for MOP, trimate good, mop pidvishen on visoti 25 cm vidlogy, not vipadai, bad money",17 Jan 2025 06:31,en,1,neutral,0.5341,electronics
https://www.aliexpress.com/item/1005007628910870.html?spm=a2g0o.productlist.main.95.8b9bI8jdI8jdCq&algo_pvid=ca566fad-d02c-4347-a9dc-ba34f7adbb0c&algo_exp_id=ca566fad-d02c-4347-a9dc-ba34f7adbb0c-47&pdp_ext_f=%7B%22order%22%3A%2213069%22%2C%22eval%22%3A%221%22%7D&pdp_npi=4%40dis%21BDT%212060.79%211030.39%21%21%2116.98%218.49%21%40%2112000041566887451%21sea%21BD%210%21ABX&curPageLogUid=lbdWLo73NOga&utparam-url=scene%3Asearch%7Cquery_from%3A,R***a,ES,5.0,"I placed the order for the case while waiting to receive the iPhone 16 Pro Max and unfortunately I refused the case because according to the Apple dealer the exterior dimensions of the new iPhone were larger than the previous model, which was not the case when I physically verified it.
I apologize and if they deem it necessary to reload the rejected covers, I will accept the position.
Thank you for your generosity to pay for the product without returning it.",31 Oct 2024 11:13,en,1,negative,0.63,fashion
https://www.aliexpress.com/item/1005006005046502.html?spm=a2g0o.productlist.main.85.48c15073v6hR7d&algo_pvid=bb42ebf9-6809-4fb2-85cf-dc2a36796d42&algo_exp_id=bb42ebf9-6809-4fb2-85cf-dc2a36796d42-42&pdp_ext_f=%7B%22order%22%3A%2217768%22%2C%22eval%22%3A%221%22%7D&pdp_npi=4%40dis%21BDT%21239.53%2174.30%21%21%2114.25%214.42%21%4021015b2417404571495114900e40da%2112000035282492984%21sea%21BD%210%21ABX&curPageLogUid=6WhtYlqDImNi&utparam-url=scene%3Asearch%7Cquery_from%3A,P***s,US,4.75,1A quality exlens fell on my iphone,20 Jan 2025 00:16,en,1,neutral,0.48,fashion
https://www.aliexpress.com/item/1005007379078015.html?spm=a2g0o.productlist.main.3.49187hDT7hDTra&algo_pvid=946755b0-b57c-4a11-be1d-19c296648103&algo_exp_id=946755b0-b57c-4a11-be1d-19c296648103-1&pdp_ext_f=%7B%22order%22%3A%223092%22%2C%22eval%22%3A%221%22%7D&pdp_npi=4%40dis%21BDT%211736.39%21868.19%21%21%21103.00%2151.50%21%402141122217404170894933992ee963%2112000040560274372%21sea%21BD%210%21ABX&curPageLogUid=KGJoZOwXc6Vu&utparam-url=scene%3Asearch%7Cquery_from%3A,A***o,UA,4.75,"The product is not bad, but please note that the sizes indicated by the seller are designed for 10 + cm thick sofa cushions. We had to sew the covers themselves so that they would not hang or slide. The fabric of the base of the case looks quite thin, there are doubts that it will last a long time.",22 Oct 2024 04:24,en,1,neutral,0.4912,home
https://www.aliexpress.com/item/1005004583790156.html?spm=a2g0o.productlist.main.65.117a6f02PFPu3f&algo_pvid=7583c9ef-5c47-4861-b63f-0171c9538456&algo_exp_id=7583c9ef-5c47-4861-b63f-0171c9538456-32&pdp_ext_f=%7B%22order%22%3A%225013%22%2C%22eval%22%3A%221%22%7D&pdp_npi=4%40dis%21BDT%211085.80%21455.65%21%21%218.96%213.76%21%4021015b2417412391480291891ec674%2112000029717611620%21sea%21BD%210%21ABX&curPageLogUid=mwBbCYnHJcsZ&utparam-url=scene%3Asearch%7Cquery_from%3A,К***ч,RU,4.75,"Working fitness tracker. I contacted the phone after some dancing with a tambourine, because The QR code that was displayed on the screen was not read by the smartphone. In your own memory 5 screen options, everyone did not like it. The application offers even more 100 screen options, they didn't like everyone-some small and not contrasting. Offers to install any custom photo on the screen, but in this resolution-it sucks. And even any version of the screen periodically flies to the one that by default. There is no screen option like on the packaging box. But I would like to.
And you need to understand that the functions of the tonometer, Oximeter and even the thermometer are only to calm the user. Values are always around normal.",26 Dec 2024 22:04,en,1,negative,0.6909,health
https://www.aliexpress.com/item/1005006005046502.html?spm=a2g0o.productlist.main.85.48c15073v6hR7d&algo_pvid=bb42ebf9-6809-4fb2-85cf-dc2a36796d42&algo_exp_id=bb42ebf9-6809-4fb2-85cf-dc2a36796d42-42&pdp_ext_f=%7B%22order%22%3A%2217768%22%2C%22eval%22%3A%221%22%7D&pdp_npi=4%40dis%21BDT%21239.53%2174.30%21%21%2114.25%214.42%21%4021015b2417404571495114900e40da%2112000035282492984%21sea%21BD%210%21ABX&curPageLogUid=6WhtYlqDImNi&utparam-url=scene%3Asearch%7Cquery_from%3A,AliExpress Shopper,DO,1.0,"The material feels very good quality, it covers the phone very well… my only complaint would be the delivery of the product for a month to arrive and it was because I had to contact my courier and follow up on the product since they apparently deliver the product without identifier, It seemed strange to me that it still did not reach me until I contacted The courier and they told me that if they had my package but did not indicate who it was, I had to send them my original invoice and tracking number and so the item could reach me…. Apparently they deliver the products without an identifier of whom it belongs to… sent very bad",03 Feb 2025 16:07,en,1,neutral,0.3458,fashion
https://www.aliexpress.com/item/1005006974148871.html?spm=a2g0o.productlist.main.25.48c15073v6hR7d&algo_pvid=bb42ebf9-6809-4fb2-85cf-dc2a36796d42&algo_exp_id=bb42ebf9-6809-4fb2-85cf-dc2a36796d42-12&pdp_ext_f=%7B%22order%22%3A%227204%22%2C%22eval%22%3A%221%22%7D&pdp_npi=4%40dis%21BDT%21390.65%21234.32%21%21%2123.24%2113.94%21%40%2112000038906193820%21sea%21BD%210%21ABX&curPageLogUid=pR86nLhNHqBX&utparam-url=scene%3Asearch%7Cquery_from%3A,E***B,UA,5.0,"Cute and fits the phone nicely, added a pop socket for comfort and it looks really good. Maybe will buy more cases in the future",25 Nov 2024 00:14,en,1,positive,0.9831,fashion
https://www.aliexpress.com/item/1005004493682356.html?spm=a2g0o.productlist.main.1.117a6f02PFPu3f&algo_pvid=68d2d61d-82f3-4393-a277-843b3b3d932b&algo_exp_id=68d2d61d-82f3-4393-a277-843b3b3d932b-0&pdp_ext_f=%7B%22order%22%3A%221626%22%2C%22eval%22%3A%221%22%7D&pdp_npi=4%40dis%21BDT%211373.01%21425.36%21%21%2111.33%213.51%21%40213ba8cc17412391942338498e724b%2112000029351807704%21sea%21BD%210%21ABX&curPageLogUid=7iOGvQDEgM55&utparam-url=scene%3Asearch%7Cquery_from%3A,S***a,DZ,4.75,Hryiyefh bsfhkobv nokgsft MIF Vol bojkhhh nokihf volihf nourt colvrt dour coyou ezffdd xuyt gtrdt,03 Feb 2025 21:35,en,1,neutral,0.72,health
https://www.aliexpress.com/item/1005007123373313.html?spm=a2g0o.productlist.main.103.4bbb1611UQA8lu&algo_pvid=0312d218-e564-4d6a-875b-ed9162f5814c&algo_exp_id=0312d218-e564-4d6a-875b-ed9162f5814c-51&pdp_ext_f=%7B%22order%22%3A%222843%22%2C%22eval%22%3A%221%22%7D&pdp_npi=4%40dis%21BDT%21140.57%2170.28%21%21%211.16%210.58%21%40210141f717412384359201548eaffc%2112000039478703089%21sea%21BD%210%21ABX&curPageLogUid=PrzB0r67z6bW&utparam-url=scene%3Asearch%7Cquery_from%3A,Y***g,KR,1.0,"In China, buy memory, storage devices to throw money",26 Oct 2024 08:27,en,1,neutral,0.5868,fashion
https://www.aliexpress.com/item/1005006876657863.html?spm=a2g0o.productlist.main.59.4b69gkUxgkUxvD&algo_pvid=8731155b-c0ee-4eed-83e9-1afae48d32ef&algo_exp_id=8731155b-c0ee-4eed-83e9-1afae48d32ef-29&pdp_ext_f=%7B%22order%22%3A%225002%22%2C%22eval%22%3A%221%22%7D&pdp_npi=4%40dis%21BDT%214899.38%213282.50%21%21%21291.47%21195.28%21%40214100f417404592982304776e46e7%2112000038593548803%21sea%21BD%210%21ABX&curPageLogUid=vfikaabyjAlR&utparam-url=scene%3Asearch%7Cquery_from%3A,S***r,KR,5.0,All right.,22 Dec 2024 20:59,en,1,neutral,0.5239,automotive
https://www.aliexpress.com/item/1005007005909112.html?spm=a2g0o.productlist.main.83.77bb4a6s4a6sSQ&algo_pvid=ee0c3663-36d2-4461-9f6c-caad6328fb2c&algo_exp_id=ee0c3663-36d2-4461-9f6c-caad6328fb2c-41&pdp_ext_f=%7B%22order%22%3A%222206%22%2C%22eval%22%3A%221%22%7D&pdp_npi=4%40dis%21BDT%21302.57%21181.54%21%21%2118.00%2110.80%21%40%2112000039030536136%21sea%21BD%210%21ABX&curPageLogUid=942R2IghG3kf&utparam-url=scene%3Asearch%7Cquery_from%3A,S***d,US,4.333333333333333,one or two uses out of the eyeliner,04 Dec 2024 15:53,en,1,neutral,0.8616,health
https://www.aliexpress.com/item/1005005352839598.html?spm=a2g0o.productlist.main.99.48c15073v6hR7d&algo_pvid=bb42ebf9-6809-4fb2-85cf-dc2a36796d42&algo_exp_id=bb42ebf9-6809-4fb2-85cf-dc2a36796d42-49&pdp_ext_f=%7B%22order%22%3A%223632%22%2C%22eval%22%3A%221%22%7D&pdp_npi=4%40dis%21BDT%21106.91%2172.62%21%21%216.36%214.32%21%4021015b2417404571495114900e40da%2112000032716834509%21sea%21BD%210%21ABX&curPageLogUid=3swLpmjBmS2Z&utparam-url=scene%3Asearch%7Cquery_from%3A,H***z,CO,5.0,"The lining much better than expected, more beautiful than the publication and arrived much earlier than expected, I recommend them 10 of 10",29 Dec 2024 06:26,en,1,positive,0.9881,electronics
https://www.aliexpress.com/item/1005007379078015.html?spm=a2g0o.productlist.main.3.49187hDT7hDTra&algo_pvid=946755b0-b57c-4a11-be1d-19c296648103&algo_exp_id=946755b0-b57c-4a11-be1d-19c296648103-1&pdp_ext_f=%7B%22order%22%3A%223092%22%2C%22eval%22%3A%221%22%7D&pdp_npi=4%40dis%21BDT%211736.39%21868.19%21%21%21103.00%2151.50%21%402141122217404170894933992ee963%2112000040560274372%21sea%21BD%210%21ABX&curPageLogUid=KGJoZOwXc6Vu&utparam-url=scene%3Asearch%7Cquery_from%3A,AliExpress Shopper,ES,5.0,"It is not of the measure it puts, it is smaller.",06 Nov 2024 12:55,en,1,neutral,0.6537,electronics
https://www.aliexpress.com/item/1005007005909112.html?spm=a2g0o.productlist.main.83.77bb4a6s4a6sSQ&algo_pvid=ee0c3663-36d2-4461-9f6c-caad6328fb2c&algo_exp_id=ee0c3663-36d2-4461-9f6c-caad6328fb2c-41&pdp_ext_f=%7B%22order%22%3A%222206%22%2C%22eval%22%3A%221%22%7D&pdp_npi=4%40dis%21BDT%21302.57%21181.54%21%21%2118.00%2110.80%21%40%2112000039030536136%21sea%21BD%210%21ABX&curPageLogUid=942R2IghG3kf&utparam-url=scene%3Asearch%7Cquery_from%3A,I***a,UA,1.0,"The pencil is very ugly, durable and bold, which does not scratch, but well melts on the skin. By the way, I saw the feedback that it is not good to accumulate, if the pencil does not move into the freezer for a long time before accumulating, then it is easy to accumulate. In general, I recommend.",22 Feb 2025 10:18,en,1,negative,0.6151,electronics
https://www.aliexpress.com/item/1005006509260259.html?spm=a2g0o.productlist.main.35.117a6f02PFPu3f&algo_pvid=7583c9ef-5c47-4861-b63f-0171c9538456&algo_exp_id=7583c9ef-5c47-4861-b63f-0171c9538456-17&pdp_ext_f=%7B%22order%22%3A%22860%22%2C%22eval%22%3A%221%22%7D&pdp_npi=4%40dis%21BDT%213102.49%211023.85%21%21%21184.45%2160.87%21%4021015b2417412391480291891ec674%2112000037459985944%21sea%21BD%210%21ABX&curPageLogUid=sgygIhYNC0Ap&utparam-url=scene%3Asearch%7Cquery_from%3A,M***c,SRB,4.75,You charged me twice...,11 Sep 2024 23:45,en,1,neutral,0.4885,electronics
https://www.aliexpress.com/item/1005004696774991.html?spm=a2g0o.productlist.main.27.8b9bI8jdI8jdCq&algo_pvid=330e3de3-f3e6-4e72-9ff9-effe5515db69&algo_exp_id=330e3de3-f3e6-4e72-9ff9-effe5515db69-13&pdp_ext_f=%7B%22order%22%3A%225376%22%2C%22eval%22%3A%221%22%7D&pdp_npi=4%40dis%21BDT%212079.00%211309.54%21%21%2117.13%2110.79%21%40%2112000035214348309%21sea%21BD%210%21ABX&curPageLogUid=74oUToikZMZg&utparam-url=scene%3Asearch%7Cquery_from%3A,AliExpress Shopper,KR,5.0,"Side TPU rear pc neat and like US $8.99 | magnetic case for iPhone, ugreen shockproof cover, Mac-free TPU case, iPhone 16, 15, 14, 13 Promax
https://a.aliexpress.com/_okH60Cr",24 Dec 2024 23:40,en,1,positive,0.6936,fashion
https://www.aliexpress.com/item/1005007174024115.html?spm=a2g0o.productlist.main.1.49187hDT7hDTra&algo_pvid=946755b0-b57c-4a11-be1d-19c296648103&algo_exp_id=946755b0-b57c-4a11-be1d-19c296648103-0&pdp_ext_f=%7B%22order%22%3A%228252%22%2C%22eval%22%3A%221%22%7D&pdp_npi=4%40dis%21BDT%213708.80%211891.49%21%21%21220.00%21112.20%21%402141122217404170894933992ee963%2112000039703995407%21sea%21BD%210%21ABX&curPageLogUid=sbMp6RI9FA1z&utparam-url=scene%3Asearch%7Cquery_from%3A,M***r,ES,4.333333333333333,Is very fine,23 Oct 2024 07:02,en,1,positive,0.8043,automotive
https://www.aliexpress.com/item/1005005640577095.html?spm=a2g0o.productlist.main.1.2c2f568f8F9ayL&algo_pvid=7137f8ef-3f5e-49fe-b747-a39366af2e9c&algo_exp_id=7137f8ef-3f5e-49fe-b747-a39366af2e9c-0&pdp_ext_f=%7B%22order%22%3A%227545%22%2C%22eval%22%3A%221%22%7D&pdp_npi=4%40dis%21BDT%21287.43%21135.03%21%21%2117.05%218.01%21%40210156fc17404191327872611eb081%2112000033848748683%21sea%21BD%210%21ABX&curPageLogUid=EqHaTudez2F6&utparam-url=scene%3Asearch%7Cquery_from%3A,M***x,US,4.333333333333333,not even put up yet,12 Jan 2025 14:31,en,1,negative,0.489,home
https://www.aliexpress.com/item/1005001281052332.html?spm=a2g0o.productlist.main.33.49187hDT7hDTra&algo_pvid=946755b0-b57c-4a11-be1d-19c296648103&algo_exp_id=946755b0-b57c-4a11-be1d-19c296648103-16&pdp_ext_f=%7B%22order%22%3A%221826%22%2C%22eval%22%3A%221%22%7D&pdp_npi=4%40dis%21BDT%21685.51%21311.15%21%21%215.64%212.56%21%402141122217404170894933992ee963%2112000029321744038%21sea%21BD%210%21ABX&curPageLogUid=uz9rNNb73Plj&utparam-url=scene%3Asearch%7Cquery_from%3A,AliExpress Shopper,ES,4.75,"I repeat again, it is the best sofa cover I have eaten",14 Nov 2024 02:56,en,1,positive,0.9795,home
https://www.aliexpress.com/item/1005004493682356.html?spm=a2g0o.productlist.main.1.117a6f02PFPu3f&algo_pvid=68d2d61d-82f3-4393-a277-843b3b3d932b&algo_exp_id=68d2d61d-82f3-4393-a277-843b3b3d932b-0&pdp_ext_f=%7B%22order%22%3A%221626%22%2C%22eval%22%3A%221%22%7D&pdp_npi=4%40dis%21BDT%211373.01%21425.36%21%21%2111.33%213.51%21%40213ba8cc17412391942338498e724b%2112000029351807704%21sea%21BD%210%21ABX&curPageLogUid=7iOGvQDEgM55&utparam-url=scene%3Asearch%7Cquery_from%3A,A***r,UK,3.5,"Received today, no charger included for the watch in the package. Doesn’t appear to work as advertised",05 Oct 2024 05:12,en,1,negative,0.8603,fashion
https://www.aliexpress.com/item/1005003392263399.html?spm=a2g0o.productlist.main.43.69a766bfTV5HDi&algo_pvid=bfaa59b8-ce29-490e-9f21-f8b2c866d5d7&algo_exp_id=bfaa59b8-ce29-490e-9f21-f8b2c866d5d7-21&pdp_ext_f=%7B%22order%22%3A%225060%22%2C%22eval%22%3A%221%22%7D&pdp_npi=4%40dis%21BDT%21615.89%21492.68%21%21%2136.64%2129.31%21%402101062a17404578228845116e495c%2112000028674050699%21sea%21BD%210%21ABX&curPageLogUid=ICIx8VMTvc5w&utparam-url=scene%3Asearch%7Cquery_from%3A,S***r,US,5.0,this is such a cute bag. it looked just like the picture,30 Jan 2025 09:36,en,1,positive,0.9658,home
https://www.aliexpress.com/item/1005007614008734.html?spm=a2g0o.productlist.main.75.8b9bI8jdI8jdCq&algo_pvid=ca566fad-d02c-4347-a9dc-ba34f7adbb0c&algo_exp_id=ca566fad-d02c-4347-a9dc-ba34f7adbb0c-37&pdp_ext_f=%7B%22order%22%3A%2211087%22%2C%22eval%22%3A%221%22%7D&pdp_npi=4%40dis%21BDT%211091.08%21544.93%21%21%218.99%214.49%21%40%2112000041509687091%21sea%21BD%210%21ABX&curPageLogUid=JfqwYgD3k4w7&utparam-url=scene%3Asearch%7Cquery_from%3A,E***i,IT,5.0,Everything OK thank you,23 Feb 2025 12:42,en,1,positive,0.7915,electronics
https://www.aliexpress.com/item/1005007174024115.html?spm=a2g0o.productlist.main.1.49187hDT7hDTra&algo_pvid=946755b0-b57c-4a11-be1d-19c296648103&algo_exp_id=946755b0-b57c-4a11-be1d-19c296648103-0&pdp_ext_f=%7B%22order%22%3A%228252%22%2C%22eval%22%3A%221%22%7D&pdp_npi=4%40dis%21BDT%213708.80%211891.49%21%21%21220.00%21112.20%21%402141122217404170894933992ee963%2112000039703995407%21sea%21BD%210%21ABX&curPageLogUid=sbMp6RI9FA1z&utparam-url=scene%3Asearch%7Cquery_from%3A,M***s,ES,5.0,Very nice. Fits well and stretches enough for different designs,10 Sep 2024 14:58,en,1,positive,0.9678,health
https://www.aliexpress.com/item/1005007463095132.html?spm=a2g0o.productlist.main.17.117a6f02PFPu3f&algo_pvid=68d2d61d-82f3-4393-a277-843b3b3d932b&algo_exp_id=68d2d61d-82f3-4393-a277-843b3b3d932b-8&pdp_ext_f=%7B%22order%22%3A%221709%22%2C%22eval%22%3A%221%22%7D&pdp_npi=4%40dis%21BDT%21704.43%21352.22%21%21%2141.88%2120.94%21%40213ba8cc17412391942338498e724b%2112000040856433518%21sea%21BD%210%21ABX&curPageLogUid=DNlsro9z2PiV&utparam-url=scene%3Asearch%7Cquery_from%3A,W***r,ET,4.75,It' s not good band,28 Feb 2025 03:28,en,1,negative,0.8878,automotive
https://www.aliexpress.com/item/1005006519144465.html?spm=a2g0o.productlist.main.17.77bb4a6s4a6sSQ&algo_pvid=93bae6bc-9168-4ce5-9b10-474945e0b4d4&algo_exp_id=93bae6bc-9168-4ce5-9b10-474945e0b4d4-8&pdp_ext_f=%7B%22order%22%3A%223131%22%2C%22eval%22%3A%221%22%7D&pdp_npi=4%40dis%21BDT%21140.78%2184.95%21%21%211.16%210.70%21%40%2112000037511304699%21sea%21BD%210%21ABX&curPageLogUid=wKE78b1v0NPR&utparam-url=scene%3Asearch%7Cquery_from%3A,AliExpress Shopper,UA,4.333333333333333,"Good eyeliner. Water resistant enough and the color is the same! Delivery is fast, the approximate date was February 2, and arrived on January 18. I advise you!",23 Jan 2025 13:10,en,1,positive,0.9693,health
https://www.aliexpress.com/item/1005006344566079.html?spm=a2g0o.productlist.main.105.69a766bfTV5HDi&algo_pvid=bfaa59b8-ce29-490e-9f21-f8b2c866d5d7&algo_exp_id=bfaa59b8-ce29-490e-9f21-f8b2c866d5d7-52&pdp_ext_f=%7B%22order%22%3A%227131%22%2C%22eval%22%3A%221%22%7D&pdp_npi=4%40dis%21BDT%211046.20%21491.66%21%21%2162.24%2129.25%21%402101062a17404578228845116e495c%2112000036832923101%21sea%21BD%210%21ABX&curPageLogUid=0Yb1zO1YP7Wr&utparam-url=scene%3Asearch%7Cquery_from%3A,P***n,PL,1.0,never buy from this seller. i have ordered a bag and received this ugly hat,06 Dec 2024 00:38,en,1,negative,0.9436,automotive
https://www.aliexpress.com/item/1005007007013772.html?spm=a2g0o.productlist.main.47.202277b162y51G&algo_pvid=08c0a288-7ebd-4e9b-be3f-9d0ffa420171&algo_exp_id=08c0a288-7ebd-4e9b-be3f-9d0ffa420171-23&pdp_ext_f=%7B%22order%22%3A%221955%22%2C%22eval%22%3A%221%22%7D&pdp_npi=4%40dis%21BDT%217973.73%214784.24%21%21%2165.70%2139.42%21%40%2112000042215394544%21sea%21BD%210%21ABX&curPageLogUid=rFdOo6gL4XK3&utparam-url=scene%3Asearch%7Cquery_from%3A,T***r,ZA,1.0,"I RAN to the review section when I heard how great they sound.
Obviously they are semi in ear so getting a fit takes a few seconds. But when they are in you will dissappear on the quality.
Active notice cancelation works ok but not better the for example galaxy buds 2.
But the audio quality is unmatched.
Bass is very good.
Can't Wait to study with them. That's why I got the because they don't go all the way in.",30 Dec 2024 02:10,en,1,positive,0.8919,fashion
https://www.aliexpress.com/item/1005004493682356.html?spm=a2g0o.productlist.main.1.117a6f02PFPu3f&algo_pvid=68d2d61d-82f3-4393-a277-843b3b3d932b&algo_exp_id=68d2d61d-82f3-4393-a277-843b3b3d932b-0&pdp_ext_f=%7B%22order%22%3A%221626%22%2C%22eval%22%3A%221%22%7D&pdp_npi=4%40dis%21BDT%211373.01%21425.36%21%21%2111.33%213.51%21%40213ba8cc17412391942338498e724b%2112000029351807704%21sea%21BD%210%21ABX&curPageLogUid=7iOGvQDEgM55&utparam-url=scene%3Asearch%7Cquery_from%3A,AliExpress Shopper,LB,4.75,"The watch received after 3 months, it is below my expectations. It is poor quality and i dont recommend it at all",24 Dec 2024 23:53,en,1,negative,0.9383,fashion
https://www.aliexpress.com/item/1005006744557765.html?spm=a2g0o.productlist.main.61.117a6f02PFPu3f&algo_pvid=7583c9ef-5c47-4861-b63f-0171c9538456&algo_exp_id=7583c9ef-5c47-4861-b63f-0171c9538456-30&pdp_ext_f=%7B%22order%22%3A%22922%22%2C%22eval%22%3A%221%22%7D&pdp_npi=4%40dis%21BDT%21482.31%21265.39%21%21%213.98%212.19%21%4021015b2417412391480291891ec674%2112000038163940372%21sea%21BD%210%21ABX&curPageLogUid=6Gb6VHtkLdwi&utparam-url=scene%3Asearch%7Cquery_from%3A,C***a,PT,5.0,"The Mart Watch is not necessary. But without walking he goes counting steps, and the values of heart pressure and tensions, are also not accurate. Doesn't answer calls.",07 Dec 2024 01:51,en,1,negative,0.7244,health
https://www.aliexpress.com/item/1005004282025592.html?spm=a2g0o.productlist.main.25.4bbb1611UQA8lu&algo_pvid=889be7d7-c9b5-4ec8-86ee-3d45d6930b40&algo_exp_id=889be7d7-c9b5-4ec8-86ee-3d45d6930b40-12&pdp_ext_f=%7B%22order%22%3A%221001%22%2C%22eval%22%3A%221%22%7D&pdp_npi=4%40dis%21BDT%21821.62%21369.61%21%21%216.78%213.05%21%402101246417412385385455052e78d2%2112000028617135693%21sea%21BD%210%21ABX&curPageLogUid=OsDCdJroNHH9&utparam-url=scene%3Asearch%7Cquery_from%3A,Л***ч,RU,5.0,"64 GB. The delivery is fast, the USB flash drive itself is working in the USB, but with the phone it does not stop through the Taibsi.",17 Jan 2025 22:05,en,1,positive,0.7683,electronics
https://www.aliexpress.com/item/1005006005046502.html?spm=a2g0o.productlist.main.85.48c15073v6hR7d&algo_pvid=bb42ebf9-6809-4fb2-85cf-dc2a36796d42&algo_exp_id=bb42ebf9-6809-4fb2-85cf-dc2a36796d42-42&pdp_ext_f=%7B%22order%22%3A%2217768%22%2C%22eval%22%3A%221%22%7D&pdp_npi=4%40dis%21BDT%21239.53%2174.30%21%21%2114.25%214.42%21%4021015b2417404571495114900e40da%2112000035282492984%21sea%21BD%210%21ABX&curPageLogUid=6WhtYlqDImNi&utparam-url=scene%3Asearch%7Cquery_from%3A,M***c,HR,5.0,"The case is perfect fit on my iphone 13, materials are premium and print is very high quality.",05 Dec 2024 23:35,en,1,positive,0.9821,fashion
https://www.aliexpress.com/item/1005005956298915.html?aem_p4p_detail=202502242037066039541144993630000098064&algo_pvid=89d19c93-426f-4e1c-896c-66cd39f0482f&algo_exp_id=89d19c93-426f-4e1c-896c-66cd39f0482f-3&pdp_ext_f=%7B%22order%22%3A%227108%22%2C%22eval%22%3A%221%22%7D&pdp_npi=4%40dis%21BDT%21840.46%21661.45%21%21%2150.00%2139.35%21%4021015b7d17404582262217695e3a25%2112000035018762071%21sea%21BD%210%21ABX&curPageLogUid=k5gx895CnFes&utparam-url=scene%3Asearch%7Cquery_from%3A&search_p4p_id=202502242037066039541144993630000098064_1https://www.aliexpress.com/item/1005006435587196.html?spm=a2g0o.productlist.main.111.2361rdGMrdGMJk&algo_pvid=907d6cd4-449c-4bde-9378-44179836a81b&algo_exp_id=907d6cd4-449c-4bde-9378-44179836a81b-55&pdp_ext_f=%7B%22order%22%3A%226067%22%2C%22eval%22%3A%221%22%7D&pdp_npi=4%40dis%21BDT%21312.99%21140.86%21%21%2118.62%218.38%21%402101584917404583016672206e4694%2112000037156993494%21sea%21BD%210%21ABX&curPageLogUid=Wa6or5uBuef4&utparam-url=scene%3Asearch%7Cquery_from%3A,AliExpress Shopper,FR,5.0,"Fast delivery, device well received and well installed, seems solid to see in time, as many notices unfortunately the box to be taken expensive, downed, but the device has nothing",23 Jan 2025 07:43,en,1,positive,0.6443,health
https://www.aliexpress.com/item/1005005191428706.html?spm=a2g0o.productlist.main.53.77bb4a6s4a6sSQ&algo_pvid=ee0c3663-36d2-4461-9f6c-caad6328fb2c&algo_exp_id=ee0c3663-36d2-4461-9f6c-caad6328fb2c-26&pdp_ext_f=%7B%22order%22%3A%222861%22%2C%22eval%22%3A%221%22%7D&pdp_npi=4%40dis%21BDT%21546.15%21109.23%21%21%214.50%210.90%21%40%2112000032062198957%21sea%21BD%210%21ABX&curPageLogUid=MwznhTnlP5Eh&utparam-url=scene%3Asearch%7Cquery_from%3A,AliExpress Shopper,IL,5.0,These girls are this bad as chalk and a really ugly and with a blur that disappears does not,20 Nov 2024 01:05,en,1,negative,0.9489,fashion
https://www.aliexpress.com/item/1005007441603612.html?spm=a2g0o.productlist.main.49.4bbb1611UQA8lu&algo_pvid=97c93f81-7324-45d8-ac55-5c01c670525a&algo_exp_id=97c93f81-7324-45d8-ac55-5c01c670525a-24&pdp_ext_f=%7B%22order%22%3A%222963%22%2C%22eval%22%3A%221%22%7D&pdp_npi=4%40dis%21BDT%21393.85%21180.57%21%21%213.25%211.49%21%402101062a17412384987491595ec517%2112000040769630192%21sea%21BD%210%21ABX&curPageLogUid=KLMRitwE44cX&utparam-url=scene%3Asearch%7Cquery_from%3A,Ш***ч,RU,5.0,"I really liked the Flash drives, I took two, Cool, Miniature, Beautiful and the price is not high. They work quickly, Shustro. I give it a rating of 5. I recommend it to everyone, don’t regret it!! !",19 Feb 2025 22:06,en,1,positive,0.9821,home
https://www.aliexpress.com/item/1005007123373313.html?spm=a2g0o.productlist.main.103.4bbb1611UQA8lu&algo_pvid=0312d218-e564-4d6a-875b-ed9162f5814c&algo_exp_id=0312d218-e564-4d6a-875b-ed9162f5814c-51&pdp_ext_f=%7B%22order%22%3A%222843%22%2C%22eval%22%3A%221%22%7D&pdp_npi=4%40dis%21BDT%21140.57%2170.28%21%21%211.16%210.58%21%40210141f717412384359201548eaffc%2112000039478703089%21sea%21BD%210%21ABX&curPageLogUid=PrzB0r67z6bW&utparam-url=scene%3Asearch%7Cquery_from%3A,AliExpress Shopper,MX,4.333333333333333,"I do not recommend, it does not enter any usb port of the laptop, therefore I do not know if it really is a memory and it has the capacity that requests it.",18 Oct 2024 19:32,en,1,negative,0.7906,electronics
https://www.aliexpress.com/item/1005001281052332.html?spm=a2g0o.productlist.main.33.49187hDT7hDTra&algo_pvid=946755b0-b57c-4a11-be1d-19c296648103&algo_exp_id=946755b0-b57c-4a11-be1d-19c296648103-16&pdp_ext_f=%7B%22order%22%3A%221826%22%2C%22eval%22%3A%221%22%7D&pdp_npi=4%40dis%21BDT%21685.51%21311.15%21%21%215.64%212.56%21%402141122217404170894933992ee963%2112000029321744038%21sea%21BD%210%21ABX&curPageLogUid=uz9rNNb73Plj&utparam-url=scene%3Asearch%7Cquery_from%3A,N***z,ES,5.0,"Not bad, fits well",19 Dec 2024 13:53,en,1,positive,0.834,automotive
https://www.aliexpress.com/item/1005005863377803.html?spm=a2g0o.productlist.main.1.17ffrHZgrHZgeB&algo_pvid=f4426d74-c0b4-472b-9998-b0c8ce256a42&algo_exp_id=f4426d74-c0b4-472b-9998-b0c8ce256a42-0&pdp_ext_f=%7B%22order%22%3A%223504%22%2C%22eval%22%3A%221%22%7D&pdp_npi=4%40dis%21BDT%21592.86%21255.00%21%21%2135.27%2115.17%21%402101590d17404567922686069e8c0e%2112000034616887109%21sea%21BD%210%21ABX&curPageLogUid=SaZg6WIFNnyW&utparam-url=scene%3Asearch%7Cquery_from%3A,C***s,CO,1.0,I never received my wallet,12 Sep 2024 18:02,en,1,negative,0.5526,fashion
https://www.aliexpress.com/item/1005006979228312.html?spm=a2g0o.productlist.main.29.3ac6nNWtnNWtoT&algo_pvid=99e05392-f0a9-4151-b36a-c7a943eb1532&algo_exp_id=99e05392-f0a9-4151-b36a-c7a943eb1532-14&pdp_ext_f=%7B%22order%22%3A%221040%22%2C%22eval%22%3A%221%22%7D&pdp_npi=4%40dis%21BDT%2112134.15%213639.76%21%21%2199.98%2129.99%21%40%2112000041141049335%21sea%21BD%210%21ABX&curPageLogUid=RJo8wKm1rVxd&utparam-url=scene%3Asearch%7Cquery_from%3A,AliExpress Shopper,RU,5.0,Good watch. Bright display. Connected without problems. Did not like the weak vibration when receiving messages.,20 Oct 2024 01:05,en,1,positive,0.8752,fashion
https://www.aliexpress.com/item/1005006851800028.html?spm=a2g0o.productlist.main.29.3ac6nNWtnNWtoT&algo_pvid=336b263c-820f-4dbe-b3ac-c12c8df660ed&algo_exp_id=336b263c-820f-4dbe-b3ac-c12c8df660ed-14&pdp_ext_f=%7B%22order%22%3A%22794%22%2C%22eval%22%3A%221%22%7D&pdp_npi=4%40dis%21BDT%2122537.63%2114198.59%21%21%21185.70%21116.99%21%40%2112000038514909953%21sea%21BD%210%21ABX&curPageLogUid=eEbns9ys8wUR&utparam-url=scene%3Asearch%7Cquery_from%3A,AliExpress Shopper,DE,5.0,Very good quality and stylish. I like to have the watch on my hand. I am very satisfied and worth a recommendation. Fast shipping. Thank you to the seller.,21 Sep 2024 05:48,en,1,positive,0.981,fashion
https://www.aliexpress.com/item/1005006876657863.html?spm=a2g0o.productlist.main.59.4b69gkUxgkUxvD&algo_pvid=8731155b-c0ee-4eed-83e9-1afae48d32ef&algo_exp_id=8731155b-c0ee-4eed-83e9-1afae48d32ef-29&pdp_ext_f=%7B%22order%22%3A%225002%22%2C%22eval%22%3A%221%22%7D&pdp_npi=4%40dis%21BDT%214899.38%213282.50%21%21%21291.47%21195.28%21%40214100f417404592982304776e46e7%2112000038593548803%21sea%21BD%210%21ABX&curPageLogUid=vfikaabyjAlR&utparam-url=scene%3Asearch%7Cquery_from%3A,S***f,IL,4.75,The intensity of pumping is not strong at all a very average product of the box came to the mass beating,27 Sep 2024 15:05,en,1,negative,0.8443,health
https://www.aliexpress.com/item/1005004493682356.html?spm=a2g0o.productlist.main.1.117a6f02PFPu3f&algo_pvid=68d2d61d-82f3-4393-a277-843b3b3d932b&algo_exp_id=68d2d61d-82f3-4393-a277-843b3b3d932b-0&pdp_ext_f=%7B%22order%22%3A%221626%22%2C%22eval%22%3A%221%22%7D&pdp_npi=4%40dis%21BDT%211373.01%21425.36%21%21%2111.33%213.51%21%40213ba8cc17412391942338498e724b%2112000029351807704%21sea%21BD%210%21ABX&curPageLogUid=7iOGvQDEgM55&utparam-url=scene%3Asearch%7Cquery_from%3A,AliExpress Shopper,,4.333333333333333,Received my order fast!,31 Oct 2024 05:05,en,1,positive,0.9538,electronics
https://www.aliexpress.com/item/1005004583790156.html?spm=a2g0o.productlist.main.65.117a6f02PFPu3f&algo_pvid=7583c9ef-5c47-4861-b63f-0171c9538456&algo_exp_id=7583c9ef-5c47-4861-b63f-0171c9538456-32&pdp_ext_f=%7B%22order%22%3A%225013%22%2C%22eval%22%3A%221%22%7D&pdp_npi=4%40dis%21BDT%211085.80%21455.65%21%21%218.96%213.76%21%4021015b2417412391480291891ec674%2112000029717611620%21sea%21BD%210%21ABX&curPageLogUid=mwBbCYnHJcsZ&utparam-url=scene%3Asearch%7Cquery_from%3A,П***ч,RU,1.0,The watch is good. It is bad that the store changed the delivery address without approval.,05 Jan 2025 22:06,en,1,neutral,0.395,fashion
https://www.aliexpress.com/item/1005005863377803.html?spm=a2g0o.productlist.main.1.17ffrHZgrHZgeB&algo_pvid=f4426d74-c0b4-472b-9998-b0c8ce256a42&algo_exp_id=f4426d74-c0b4-472b-9998-b0c8ce256a42-0&pdp_ext_f=%7B%22order%22%3A%223504%22%2C%22eval%22%3A%221%22%7D&pdp_npi=4%40dis%21BDT%21592.86%21255.00%21%21%2135.27%2115.17%21%402101590d17404567922686069e8c0e%2112000034616887109%21sea%21BD%210%21ABX&curPageLogUid=SaZg6WIFNnyW&utparam-url=scene%3Asearch%7Cquery_from%3A,J***n,SV,1.0,"The product complies with what it says in the description, the only bad thing was the delivery time, but it was by my country customs.",28 Nov 2024 08:22,en,1,neutral,0.491,automotive
https://www.aliexpress.com/item/1005004696774991.html?spm=a2g0o.productlist.main.19.48c15073PurjWV&algo_pvid=63222404-79da-42d3-ad33-4f870f692ff0&algo_exp_id=63222404-79da-42d3-ad33-4f870f692ff0-9&pdp_ext_f=%7B%22order%22%3A%225376%22%2C%22eval%22%3A%221%22%7D&pdp_npi=4%40dis%21BDT%212079.00%211309.54%21%21%2117.13%2110.79%21%40%2112000035214348309%21sea%21BD%210%21ABX&curPageLogUid=kZKQGIgj4WPA&utparam-url=scene%3Asearch%7Cquery_from%3A,AliExpress Shopper,MX,5.0,"Very good case, feels hard and good material. Everything that is ugreen is excellent. The shipment was very fast.",26 Sep 2024 15:59,en,1,positive,0.9804,home
https://www.aliexpress.com/item/1005004651662970.html?spm=a2g0o.productlist.main.115.2b0231c3dlNl5F&algo_pvid=f2f6602b-2f40-4259-b487-18c18c495eaa&algo_exp_id=f2f6602b-2f40-4259-b487-18c18c495eaa-57&pdp_ext_f=%7B%22order%22%3A%221716%22%2C%22eval%22%3A%221%22%7D&pdp_npi=4%40dis%21BDT%21462.40%21277.92%21%21%213.81%212.29%21%40%2112000029983471575%21sea%21BD%210%21ABX&curPageLogUid=mPKUadAfMcuz&utparam-url=scene%3Asearch%7Cquery_from%3A,O***n,UA,5.0,Came with a fork just packed in a bag. The penny turned,21 Nov 2024 21:57,en,1,neutral,0.8066,home
https://www.aliexpress.com/item/1005006876657863.html?spm=a2g0o.productlist.main.29.4b692d3c6MUfau&algo_pvid=567885e4-a76a-4d6a-84d6-b4830f6e63f1&algo_exp_id=567885e4-a76a-4d6a-84d6-b4830f6e63f1-14&pdp_ext_f=%7B%22order%22%3A%224997%22%2C%22eval%22%3A%221%22%7D&pdp_npi=4%40dis%21BDT%214913.66%213292.07%21%21%21291.47%21195.28%21%402141122217404120397816133ee933%2112000038593548803%21sea%21BD%210%21ABX&curPageLogUid=VYRRl95NIhMF&utparam-url=scene%3Asearch%7Cquery_from%3A,AliExpress Shopper,RU,5.0,Came the complete set.,24 Dec 2024 00:04,en,1,neutral,0.8098,automotive
https://www.aliexpress.com/item/1005005288989392.html?spm=a2g0o.productlist.main.51.54a6BlyNBlyNMQ&algo_pvid=ab369b3e-8171-4e38-b6b1-fb543eb07c61&algo_exp_id=ab369b3e-8171-4e38-b6b1-fb543eb07c61-25&pdp_ext_f=%7B%22order%22%3A%22662%22%2C%22eval%22%3A%221%22%7D&pdp_npi=4%40dis%21BDT%21296.13%21133.50%21%21%212.44%211.10%21%40%2112000032503790767%21sea%21BD%210%21ABX&curPageLogUid=xKdtamv3HKEp&utparam-url=scene%3Asearch%7Cquery_from%3A,N***z,CO,5.0,"It arrived too early according to the arrival date they gave me, they are in stainless steel but too small, anyway the sponge fits well to wash dishes",08 Sep 2024 11:55,en,1,neutral,0.552,home
https://www.aliexpress.com/item/1005004696774991.html?spm=a2g0o.productlist.main.19.48c15073PurjWV&algo_pvid=63222404-79da-42d3-ad33-4f870f692ff0&algo_exp_id=63222404-79da-42d3-ad33-4f870f692ff0-9&pdp_ext_f=%7B%22order%22%3A%225376%22%2C%22eval%22%3A%221%22%7D&pdp_npi=4%40dis%21BDT%212079.00%211309.54%21%21%2117.13%2110.79%21%40%2112000035214348309%21sea%21BD%210%21ABX&curPageLogUid=kZKQGIgj4WPA&utparam-url=scene%3Asearch%7Cquery_from%3A,H***i,US,4.333333333333333,Not sure if it can protect a phone well…,13 Nov 2024 05:20,en,1,negative,0.5987,home
https://www.aliexpress.com/item/1005007123373313.html?spm=a2g0o.productlist.main.103.4bbb1611UQA8lu&algo_pvid=0312d218-e564-4d6a-875b-ed9162f5814c&algo_exp_id=0312d218-e564-4d6a-875b-ed9162f5814c-51&pdp_ext_f=%7B%22order%22%3A%222843%22%2C%22eval%22%3A%221%22%7D&pdp_npi=4%40dis%21BDT%21140.57%2170.28%21%21%211.16%210.58%21%40210141f717412384359201548eaffc%2112000039478703089%21sea%21BD%210%21ABX&curPageLogUid=PrzB0r67z6bW&utparam-url=scene%3Asearch%7Cquery_from%3A,AliExpress Shopper,ES,5.0,"Its real capacity is not 2TB or far
The video files copied in it are corrupted and are no longer reproducible
An article with an excellent presentation and painful characteristics",05 Feb 2025 12:25,en,1,negative,0.837,home
https://www.aliexpress.com/item/1005006662355503.html?spm=a2g0o.productlist.main.43.48c15073v6hR7d&algo_pvid=bb42ebf9-6809-4fb2-85cf-dc2a36796d42&algo_exp_id=bb42ebf9-6809-4fb2-85cf-dc2a36796d42-21&pdp_ext_f=%7B%22order%22%3A%222310%22%2C%22eval%22%3A%221%22%7D&pdp_npi=4%40dis%21BDT%21188.26%21150.61%21%21%2111.20%218.96%21%40%2112000037956346055%21sea%21BD%210%21ABX&curPageLogUid=oOB71rf8xH0y&utparam-url=scene%3Asearch%7Cquery_from%3A,AliExpress Shopper,CO,5.0,I never received it and he didn't want to refund me.,02 Mar 2025 18:20,en,1,negative,0.8313,electronics
https://www.aliexpress.com/item/1005005359350734.html?spm=a2g0o.productlist.main.109.48c15073v6hR7d&algo_pvid=bb42ebf9-6809-4fb2-85cf-dc2a36796d42&algo_exp_id=bb42ebf9-6809-4fb2-85cf-dc2a36796d42-54&pdp_ext_f=%7B%22order%22%3A%222672%22%2C%22eval%22%3A%221%22%7D&pdp_npi=4%40dis%21BDT%21172.13%21137.67%21%21%2110.24%218.19%21%4021015b2417404571495114900e40da%2112000032735189489%21sea%21BD%210%21ABX&curPageLogUid=4BRl95VdwRYf&utparam-url=scene%3Asearch%7Cquery_from%3A,AliExpress Shopper,UA,5.0,"Not a bad case, but the side volume and lock buttons are not very convenient! See did not quite fit in the rayem!",11 Jan 2025 08:41,en,1,negative,0.8805,home
https://www.aliexpress.com/item/1005007806220676.html?spm=a2g0o.productlist.main.1.3ac839abumUhSF&algo_pvid=1ccf3a7d-e5ab-4e8a-8818-a01f8ed5dcf8&algo_exp_id=1ccf3a7d-e5ab-4e8a-8818-a01f8ed5dcf8-0&pdp_ext_f=%7B%22order%22%3A%224462%22%2C%22eval%22%3A%221%22%7D&pdp_npi=4%40dis%21BDT%21141.20%21139.86%21%21%218.40%218.32%21%40%2112000042264485133%21sea%21BD%210%21ABX&curPageLogUid=jxjHJd4qNmTG&utparam-url=scene%3Asearch%7Cquery_from%3A,K***k,UA,5.0,"The elastic band is very spring, I took it for sports (from the Belarusian for the NIG), on the right I did not vibrate, I can tell you, there is a fool. I'm hitched. Delivery to Ukraine-12 days.",09 Dec 2024 10:48,en,1,negative,0.5014,health
https://www.aliexpress.com/item/1005007174024115.html?spm=a2g0o.productlist.main.1.49187hDT7hDTra&algo_pvid=946755b0-b57c-4a11-be1d-19c296648103&algo_exp_id=946755b0-b57c-4a11-be1d-19c296648103-0&pdp_ext_f=%7B%22order%22%3A%228252%22%2C%22eval%22%3A%221%22%7D&pdp_npi=4%40dis%21BDT%213708.80%211891.49%21%21%21220.00%21112.20%21%402141122217404170894933992ee963%2112000039703995407%21sea%21BD%210%21ABX&curPageLogUid=sbMp6RI9FA1z&utparam-url=scene%3Asearch%7Cquery_from%3A,L***a,BE,5.0,"Received, but not the one I had asked for even if it remains beautiful its domage",09 Sep 2024 01:51,en,1,neutral,0.454,home
https://www.aliexpress.com/item/1005006005046502.html?spm=a2g0o.productlist.main.85.48c15073v6hR7d&algo_pvid=bb42ebf9-6809-4fb2-85cf-dc2a36796d42&algo_exp_id=bb42ebf9-6809-4fb2-85cf-dc2a36796d42-42&pdp_ext_f=%7B%22order%22%3A%2217768%22%2C%22eval%22%3A%221%22%7D&pdp_npi=4%40dis%21BDT%21239.53%2174.30%21%21%2114.25%214.42%21%4021015b2417404571495114900e40da%2112000035282492984%21sea%21BD%210%21ABX&curPageLogUid=6WhtYlqDImNi&utparam-url=scene%3Asearch%7Cquery_from%3A,D***z,CO,5.0,Good quality fits the phone well,17 Sep 2024 21:14,en,1,positive,0.9316,fashion
https://www.aliexpress.com/item/1005006756225772.html?spm=a2g0o.productlist.main.21.2b0231c3dlNl5F&algo_pvid=f2f6602b-2f40-4259-b487-18c18c495eaa&algo_exp_id=f2f6602b-2f40-4259-b487-18c18c495eaa-10&pdp_ext_f=%7B%22order%22%3A%22884%22%2C%22eval%22%3A%221%22%7D&pdp_npi=4%40dis%21BDT%211699.12%211036.46%21%21%2114.00%218.54%21%40%2112000045556541052%21sea%21BD%210%21ABX&curPageLogUid=lum4pQRKykC4&utparam-url=scene%3Asearch%7Cquery_from%3A,A***i,UA,5.0,I recommend not the first time ordering. everything works. there is a charging cable remote. colors are bright. keeps charging poorly,03 Mar 2025 04:46,en,1,negative,0.5733,automotive
https://www.aliexpress.com/item/1005007806220676.html?spm=a2g0o.productlist.main.1.3ac839abumUhSF&algo_pvid=1ccf3a7d-e5ab-4e8a-8818-a01f8ed5dcf8&algo_exp_id=1ccf3a7d-e5ab-4e8a-8818-a01f8ed5dcf8-0&pdp_ext_f=%7B%22order%22%3A%224462%22%2C%22eval%22%3A%221%22%7D&pdp_npi=4%40dis%21BDT%21141.20%21139.86%21%21%218.40%218.32%21%40%2112000042264485133%21sea%21BD%210%21ABX&curPageLogUid=jxjHJd4qNmTG&utparam-url=scene%3Asearch%7Cquery_from%3A,AliExpress Shopper,UA,5.0,"For my own cat, I can't get a rubber band for sports, I'm like Shvidko, I recommend the product of that seller",19 Nov 2024 02:18,en,1,neutral,0.5047,health
https://www.aliexpress.com/item/1005005359350734.html?spm=a2g0o.productlist.main.109.48c15073v6hR7d&algo_pvid=bb42ebf9-6809-4fb2-85cf-dc2a36796d42&algo_exp_id=bb42ebf9-6809-4fb2-85cf-dc2a36796d42-54&pdp_ext_f=%7B%22order%22%3A%222672%22%2C%22eval%22%3A%221%22%7D&pdp_npi=4%40dis%21BDT%21172.13%21137.67%21%21%2110.24%218.19%21%4021015b2417404571495114900e40da%2112000032735189489%21sea%21BD%210%21ABX&curPageLogUid=4BRl95VdwRYf&utparam-url=scene%3Asearch%7Cquery_from%3A,A***r,UA,1.0,"Chokhol is the same as garnoi, elastic, with a glossy surface. It's like that, yak in the photo. Deliveries for 18 days. Hitched to evil men",11 Jan 2025 09:36,en,1,negative,0.7623,home
https://www.aliexpress.com/item/1005004696774991.html?spm=a2g0o.productlist.main.19.48c15073PurjWV&algo_pvid=63222404-79da-42d3-ad33-4f870f692ff0&algo_exp_id=63222404-79da-42d3-ad33-4f870f692ff0-9&pdp_ext_f=%7B%22order%22%3A%225376%22%2C%22eval%22%3A%221%22%7D&pdp_npi=4%40dis%21BDT%212079.00%211309.54%21%21%2117.13%2110.79%21%40%2112000035214348309%21sea%21BD%210%21ABX&curPageLogUid=kZKQGIgj4WPA&utparam-url=scene%3Asearch%7Cquery_from%3A,D***s,MX,4.75,"Delivered very quickly, it looks perfect, Ugreen always fulfilling!",27 Dec 2024 18:01,en,1,positive,0.9857,home
